,TITLE,YEAR,AUTHOR,CLASSIFIED_AUTHORS
0,Observation of moiré superlattices on twisted bilayer graphene by scanning microwave impedance microscopy,2020,"['OHLBERG, DOUGLAS A.  A. ', 'GONCALVES DO REGO, CASSIO', 'ADO JORIO DE VASCONCELOS', 'MEDEIROS-RIBEIRO, GILBERTO', 'GADELHA, ANDREIJ C. ', 'TAMIA, DIEGO', 'NETO, ELIEL G.  S. ', 'MIRANDA, DANIEL A. ', 'LEMOS, JESSICA S. ', 'SANTANA, FABIANO C. ', 'CAMPOS, LEONARDO C. ', 'RAMIREZ, JHONATTAN C. ']","['OHLBERG, DOUGLAS A.  A.  (externo)', 'GONCALVES DO REGO, CASSIO (docente)', 'ADO JORIO DE VASCONCELOS (docente)', 'MEDEIROS-RIBEIRO, GILBERTO (docente)', 'GADELHA, ANDREIJ C.  (externo)', 'TAMIA, DIEGO (externo)', 'NETO, ELIEL G.  S.  (externo)', 'MIRANDA, DANIEL A.  (externo)', 'LEMOS, JESSICA S.  (externo)', 'SANTANA, FABIANO C.  (externo)', 'CAMPOS, LEONARDO C.  (externo)', 'RAMIREZ, JHONATTAN C.  (docente)']"
1,Power- and Current-Based Control of Distributed Inverters in Low-Voltage Microgrids: Considerations in Relation to Classic Droop Control,2020,"['MARAFAO, FERNANDO P. ', 'ALONSO, AUGUSTO M.  S. ', 'GOTHNER, FREDRIK', 'TEDESCHI, ELISABETTA', 'DANILO IGLESIAS BRANDAO']","['MARAFAO, FERNANDO P.  (externo)', 'ALONSO, AUGUSTO M.  S.  (externo)', 'GOTHNER, FREDRIK (externo)', 'TEDESCHI, ELISABETTA (externo)', 'DANILO IGLESIAS BRANDAO (docente)']"
2,Classificação de Cargas em Microrredes Utilizando a Análise Relacional Grey e Fatores de Desempenho da Carga,2020,"['BRUNA RAFAELA PENIDO CONRADO', 'SIDELMO MAGALHAES SILVA', 'DANILO IGLESIAS BRANDAO', 'WESLEY ANGELINO SOUZA', 'ALEXANDRE MOREIRA', 'HELMO KELIS MORALES PAREDES']","['BRUNA RAFAELA PENIDO CONRADO (egresso(s/o))', 'SIDELMO MAGALHAES SILVA (docente)', 'DANILO IGLESIAS BRANDAO (docente)', 'WESLEY ANGELINO SOUZA (externo)', 'ALEXANDRE MOREIRA (egresso(s/o))', 'HELMO KELIS MORALES PAREDES (externo)']"
3,Análise da Viabilidade Técnico-Econômica para a Instalação de Condicionadores de QEE,2020,"['BRUNA RAFAELA PENIDO CONRADO', 'DANILO IGLESIAS BRANDAO', 'EDUARDO VERRI LIBERADO', 'WESLEY ANGELINO SOUZA', 'ALEXANDRE MOREIRA']","['BRUNA RAFAELA PENIDO CONRADO (egresso(s/o))', 'DANILO IGLESIAS BRANDAO (docente)', 'EDUARDO VERRI LIBERADO (externo)', 'WESLEY ANGELINO SOUZA (externo)', 'ALEXANDRE MOREIRA (egresso(s/o))']"
4,Comparação de Vida Útil entre Bancos de Baterias de Íon-lítio e Chumbo-ácido no Contexto da Compensação de Energia com Fotovoltaicos e Tarifa Branca,2020,"['BARBARA APARECIDA LEMES PAIXAO', 'DANILO IGLESIAS BRANDAO', 'NICOLAS T.  D.  FERNANDES', 'BRUNO MARCIANO LOPES', 'WADAED UTURBEY DA COSTA']","['BARBARA APARECIDA LEMES PAIXAO (egresso(s/o))', 'DANILO IGLESIAS BRANDAO (docente)', 'NICOLAS T.  D.  FERNANDES (discente(s/o))', 'BRUNO MARCIANO LOPES (discente)', 'WADAED UTURBEY DA COSTA (docente)']"
5,Set-Invariance Based Fuzzy Output Tracking Control for Vehicle Autonomous Driving under Uncertain Lateral Forces and Steering Constraints,2020,"['ANH-TU NGUYEN', 'GUERRA, THIERRY-MARIE', 'JAGAT RATH', 'HUI ZHANG', 'REINALDO MARTINEZ PALHARES']","['ANH-TU NGUYEN (externo)', 'GUERRA, THIERRY-MARIE (externo)', 'JAGAT RATH (externo)', 'HUI ZHANG (externo)', 'REINALDO MARTINEZ PALHARES (docente)']"
6,Dissipativity and Stability Recovery by Fault Hiding,2020,"['IURY VALENTE DE BESSA', 'VICENC PUIG', 'REINALDO MARTINEZ PALHARES']","['IURY VALENTE DE BESSA (discente)', 'VICENC PUIG (externo)', 'REINALDO MARTINEZ PALHARES (docente)']"
7,Fault Prognostics of Rolling Bearings Using a Hybrid Approach,2020,"['MURILO CESAR OSORIO CAMARGOS', 'IURY VALENTE DE BESSA', ""MARCOS FLAVIO SILVEIRA VASCONCELOS D'ANGELO"", 'REINALDO MARTINEZ PALHARES']","['MURILO CESAR OSORIO CAMARGOS (egresso(s/o))', 'IURY VALENTE DE BESSA (discente)', ""MARCOS FLAVIO SILVEIRA VASCONCELOS D'ANGELO (externo)"", 'REINALDO MARTINEZ PALHARES (docente)']"
8,MPC robusto para sistemas lineares com saltos Markovianos restrições em segundo momento,2020,"['ROSILEIDE DE OLIVEIRA LOPES', 'EDUARDO MAZONI ANDRADE MARCAL MENDES', 'ALESSANDRO DO NASCIMENTO VARGAS', 'REINALDO MARTINEZ PALHARES']","['ROSILEIDE DE OLIVEIRA LOPES (egresso(s/o))', 'EDUARDO MAZONI ANDRADE MARCAL MENDES (docente)', 'ALESSANDRO DO NASCIMENTO VARGAS (externo)', 'REINALDO MARTINEZ PALHARES (docente)']"
9,Robust quadcopter control with artificial vector fields,2020,"['ADRIANO M.  C.  REZENDE', 'VINICIUS MARIANO GONCALVES', 'ARTHUR H.  D.  NUNES', 'LUCIANO CUNHA DE ARAUJO PIMENTA']","['ADRIANO M.  C.  REZENDE (egresso(s/o))', 'VINICIUS MARIANO GONCALVES (docente)', 'ARTHUR H.  D.  NUNES (externo)', 'LUCIANO CUNHA DE ARAUJO PIMENTA (docente)']"
10,Segregation of Heterogeneous Swarms of Robots in Curves,2020,"['EDSON BERNARDES FERREIRA FILHO', 'LUCIANO CUNHA DE ARAUJO PIMENTA']","['EDSON BERNARDES FERREIRA FILHO (egresso(s/o))', 'LUCIANO CUNHA DE ARAUJO PIMENTA (docente)']"
11,Distributed Parameterized Predictive Control for Multi-robot Curve Tracking,2020,"['GABRIEL V.  PACHECO', 'LUCIANO CUNHA DE ARAUJO PIMENTA', 'GUILHERME VIANNA RAFFO']","['GABRIEL V.  PACHECO (egresso(s/o))', 'LUCIANO CUNHA DE ARAUJO PIMENTA (docente)', 'GUILHERME VIANNA RAFFO (docente)']"
12,Controle de robô para serviços de inspeção industrial utilizando campos vetoriais artificiais variantes no tempo,2020,"['ARTHUR H.  D.  NUNES', 'ALVARO R.  ARAUJO', 'MARIA L.  A.  ALVES', 'ADRIANO M.  C.  REZENDE', 'ISABELA B.  SILVA', 'LUCIANO CUNHA DE ARAUJO PIMENTA']","['ARTHUR H.  D.  NUNES (externo)', 'ALVARO R.  ARAUJO (externo)', 'MARIA L.  A.  ALVES (externo)', 'ADRIANO M.  C.  REZENDE (egresso(s/o))', 'ISABELA B.  SILVA (egresso(s/o))', 'LUCIANO CUNHA DE ARAUJO PIMENTA (docente)']"
13,MPC Based Feedback-Linearization Strategy of a Fixed-Wing UAV,2020,"['LEONARDO ANICIO ALVES PEREIRA', 'LUCIANO CUNHA DE ARAUJO PIMENTA', 'GUILHERME VIANNA RAFFO']","['LEONARDO ANICIO ALVES PEREIRA (discente)', 'LUCIANO CUNHA DE ARAUJO PIMENTA (docente)', 'GUILHERME VIANNA RAFFO (docente)']"
14,Near-field microwave microscopy and processing of nanostructured materials,2020,"['AVELINO, WELLINGTON O. ', 'LOPEZ, DIEGO C.  T. ', 'OHLBERG, DOUGLAS A.  A. ', 'GIRALDO, BRIAN', 'GUERRERO, JESUS A. ', 'RAMIREZ, JHONATTAN C. ', 'KOBAYASHI, NOBUHIKO P. ', 'REGO, CASSIO G. ', 'GILBERTO MEDEIROS RIBEIRO']","['AVELINO, WELLINGTON O.  (externo)', 'LOPEZ, DIEGO C.  T.  (egresso(s/o))', 'OHLBERG, DOUGLAS A.  A.  (externo)', 'GIRALDO, BRIAN (externo)', 'GUERRERO, JESUS A.  (externo)', 'RAMIREZ, JHONATTAN C.  (docente)', 'KOBAYASHI, NOBUHIKO P.  (externo)', 'REGO, CASSIO G.  (docente)', 'GILBERTO MEDEIROS RIBEIRO (docente)']"
15,Observation of moiré superlattices on twisted bilayer graphene by scanning microwave impedance microscopy,2020,"['OHLBERG, DOUGLAS A.  A. ', 'GONCALVES DO REGO, CASSIO', 'JORIO, ADO', 'GILBERTO MEDEIROS RIBEIRO', 'GADELHA, ANDREIJ C. ', 'TAMIA, DIEGO', 'NETO, ELIEL G.  S. ', 'MIRANDA, DANIEL A. ', 'LEMOS, JESSICA S. ', 'SANTANA, FABIANO C. ', 'CAMPOS, LEONARDO C. ', 'RAMIREZ, JHONATTAN C. ']","['OHLBERG, DOUGLAS A.  A.  (externo)', 'GONCALVES DO REGO, CASSIO (docente)', 'JORIO, ADO (externo)', 'GILBERTO MEDEIROS RIBEIRO (docente)', 'GADELHA, ANDREIJ C.  (externo)', 'TAMIA, DIEGO (externo)', 'NETO, ELIEL G.  S.  (externo)', 'MIRANDA, DANIEL A.  (externo)', 'LEMOS, JESSICA S.  (externo)', 'SANTANA, FABIANO C.  (externo)', 'CAMPOS, LEONARDO C.  (externo)', 'RAMIREZ, JHONATTAN C.  (docente)']"
16,Análise de Sinais de EEG Durante Imagética Motora Usando Parâmetros  Espectrais Dinâmicos da Transformada Discreta de Hilbert,2020,"['HENRICO REIS BARBOSA', 'DANILO BARBOSA MELGES']","['HENRICO REIS BARBOSA (discente)', 'DANILO BARBOSA MELGES (docente)']"
17,Minimização do Artefato de Estímulo no Potencial Evocado Somato-Sensitivo por  Meio de Local Mean Decomposition e Transformada Wavelet Discreta,2020,"['LETICIA PEREIRA RESENDE', 'DANILO BARBOSA MELGES']","['LETICIA PEREIRA RESENDE (externo)', 'DANILO BARBOSA MELGES (docente)']"
18,Análise da Seletividade de Orientação por Meio da Potência e Teste F Espectral do  Potencial de Campo Local do wulst Visual de Corujas,2020,"['LUCAS ARIEL DA ROCHA CARVALHO', 'JEROME BARON', 'DANILO BARBOSA MELGES']","['LUCAS ARIEL DA ROCHA CARVALHO (egresso(s/o))', 'JEROME BARON (externo)', 'DANILO BARBOSA MELGES (docente)']"
19,Análise da Variabilidade da Frequência Cardíaca  e Classificação Baseadas em Métricas do Poincaré Plot,2020,"['MARCELO VIEIRA SANTOS', 'DANILO BARBOSA MELGES']","['MARCELO VIEIRA SANTOS (egresso(s/o))', 'DANILO BARBOSA MELGES (docente)']"
20,Aplicação da Técnica Local Mean Decomposition  a Sinais de ECG para Detecção das Ondas R,2020,"['MARIANA PIMENTA ADAIXO DE DEUS', 'DANILO BARBOSA MELGES']","['MARIANA PIMENTA ADAIXO DE DEUS (externo)', 'DANILO BARBOSA MELGES (docente)']"
21,Classificação de Sinais de Imagética Motora Utilizando   Empirical Mode Decomposition,2020,"['MAYRA MOTA MEDEIROS', 'DANILO BARBOSA MELGES']","['MAYRA MOTA MEDEIROS (externo)', 'DANILO BARBOSA MELGES (docente)']"
22,Posicionamento otimizado de remotas de medição para aprimorar a localização de faltas em redes de distribuição,2020,"['BRUNO PEREIRA', 'CLEVER PEREIRA', 'ALBERTO RESENDE DE CONTI']","['BRUNO PEREIRA (egresso(s/o))', 'CLEVER PEREIRA (docente)', 'ALBERTO RESENDE DE CONTI (docente)']"
23,Modelos para geração de sinais de oscilação de potência em linhas de transmissão para testes em relés de distância,2020,"['JOHNNY SOUZA ANDRADE', 'CLEVER PEREIRA', 'ALBERTO RESENDE DE CONTI']","['JOHNNY SOUZA ANDRADE (egresso(s/o))', 'CLEVER PEREIRA (docente)', 'ALBERTO RESENDE DE CONTI (docente)']"
24,Formulações analíticas e numéricas para caracterização do fenômeno oscilação de potência em linhas de transmissão,2020,"['JOHNNY SOUZA ANDRADE', 'CLEVER SEBASTIAO PEREIRA FILHO', 'ALBERTO RESENDE DE CONTI']","['JOHNNY SOUZA ANDRADE (egresso(s/o))', 'CLEVER SEBASTIAO PEREIRA FILHO (externo)', 'ALBERTO RESENDE DE CONTI (docente)']"
25,Análise comparativa da modelagem de sistema HVDC no ATP para o estudo de transitórios eletromagnéticos,2020,"['MARIA TEREZA CRISTELI SOUZA', 'SIDELMO MAGALHAES SILVA', 'ALBERTO RESENDE DE CONTI']","['MARIA TEREZA CRISTELI SOUZA (discente)', 'SIDELMO MAGALHAES SILVA (docente)', 'ALBERTO RESENDE DE CONTI (docente)']"
26,Minimal 3D Dubins Path with Bounded Curvature and Pitch Angle,2020,"['PETR VANA', 'ARMANDO ALVES NETO', 'JAN FAIGL', 'DOUGLAS GUIMARAES MACHARET']","['PETR VANA (externo)', 'ARMANDO ALVES NETO (docente)', 'JAN FAIGL (externo)', 'DOUGLAS GUIMARAES MACHARET (externo)']"
27,Investigation of Visual Reconstruction Techniques Using Mobile Robots in Confined Environments,2020,"['RAFAEL DA SILVA', 'THIAGO ROCHA', 'HECTOR AZPURUA', 'GUSTAVO PESSIN', 'ARMANDO ALVES NETO', 'GUSTAVO MEDEIROS FREITAS']","['RAFAEL DA SILVA (egresso(s/o))', 'THIAGO ROCHA (externo)', 'HECTOR AZPURUA (externo)', 'GUSTAVO PESSIN (externo)', 'ARMANDO ALVES NETO (docente)', 'GUSTAVO MEDEIROS FREITAS (docente)']"
28,A Novel Concept for Hybrid Unmanned Aerial Underwater Vehicles Focused on Aquatic Performance,2020,"['ALEXANDRE DE CAMPOS HORN', 'PEDRO PINHEIRO', 'CESAR BASTOS DA SILVA', 'ARMANDO ALVES NETO', 'PAULO LILLES JORGE DREWS JUNIOR', 'RICARDO B.  GRANDO']","['ALEXANDRE DE CAMPOS HORN (externo)', 'PEDRO PINHEIRO (externo)', 'CESAR BASTOS DA SILVA (egresso(s/o))', 'ARMANDO ALVES NETO (docente)', 'PAULO LILLES JORGE DREWS JUNIOR (egresso(s/o))', 'RICARDO B.  GRANDO (externo)']"
29,Visual-based Autonomous Unmanned Aerial Vehicle for Inspection in Indoor Environments,2020,"['RICARDO B.  GRANDO', 'NICOLAS BORTOLUZZI', 'PEDRO PINHEIRO', 'CESAR BASTOS DA SILVA', 'MARIANA PINEIRO', 'VIVIAN MISAKI AOKI', 'OTAVIO ZAUK', 'ARMANDO ALVES NETO', 'PAULO LILLES JORGE DREWS JUNIOR']","['RICARDO B.  GRANDO (externo)', 'NICOLAS BORTOLUZZI (externo)', 'PEDRO PINHEIRO (externo)', 'CESAR BASTOS DA SILVA (egresso(s/o))', 'MARIANA PINEIRO (externo)', 'VIVIAN MISAKI AOKI (externo)', 'OTAVIO ZAUK (externo)', 'ARMANDO ALVES NETO (docente)', 'PAULO LILLES JORGE DREWS JUNIOR (egresso(s/o))']"
30,Solar Energy Forecasting With Fuzzy Time Series Using High-Order Fuzzy Cognitive Maps,2020,"['ORANG, OMID', 'SILVA, RODRIGO', 'DE LIMA E SILVA, PETRONIO CANDIDO', 'FREDERICO GADELHA GUIMARAES']","['ORANG, OMID (discente)', 'SILVA, RODRIGO (egresso(s/o))', 'DE LIMA E SILVA, PETRONIO CANDIDO (egresso(s/o))', 'FREDERICO GADELHA GUIMARAES (docente)']"
31,Applying Genetic Programming to Improve Interpretability in Machine Learning Models,2020,"['FERREIRA, LEONARDO AUGUSTO', 'FREDERICO GADELHA GUIMARAES', 'SILVA, RODRIGO']","['FERREIRA, LEONARDO AUGUSTO (egresso(s/o))', 'FREDERICO GADELHA GUIMARAES (docente)', 'SILVA, RODRIGO (egresso(s/o))']"
32,Deep Learning para Detecção de Componentes em Alimentadores de Subestações,2020,"['OLIVEIRA, BRUNO', 'NETO, ABILIO', 'FERNANDINO, ROBERTO', 'COSTA, DIEGO', 'FREDERICO GADELHA GUIMARAES']","['OLIVEIRA, BRUNO (egresso(s/o))', 'NETO, ABILIO (externo)', 'FERNANDINO, ROBERTO (externo)', 'COSTA, DIEGO (externo)', 'FREDERICO GADELHA GUIMARAES (docente)']"
33,Optimization of a vehicle's electric fan parameters through evolutionary algorithms aiming a higher energy efficiency,2020,"['FELIPE AUGUSTO ROCHA DA SILVA', 'FREDERICO GADELHA GUIMARAES', 'RICARDO POLEY MARTINS FERREIRA']","['FELIPE AUGUSTO ROCHA DA SILVA (egresso(s/o))', 'FREDERICO GADELHA GUIMARAES (docente)', 'RICARDO POLEY MARTINS FERREIRA (externo)']"
34,Conveyor Belt Roller Failure Detection System based on Machine Learning,2020,"['EMANUEL BALDUINO DA CRUZ', 'AGNALDO JOSE DA ROCHA REIS', 'FREDERICO GADELHA GUIMARAES', 'SILVIA GRASIELLA MOREIRA ALMEIDA']","['EMANUEL BALDUINO DA CRUZ (externo)', 'AGNALDO JOSE DA ROCHA REIS (externo)', 'FREDERICO GADELHA GUIMARAES (docente)', 'SILVIA GRASIELLA MOREIRA ALMEIDA (egresso(s/o))']"
35,Machine Learning Applied to Fault Prediction in Off-Road Truck,2020,"['ALDILENE OLIVEIRA MAIA DIAS', 'MARCELO BRUNO DA SILVA DIAS', 'JODELSON AGUILAR SABINO', 'AGNALDO JOSE DA ROCHA REIS', 'FREDERICO GADELHA GUIMARAES']","['ALDILENE OLIVEIRA MAIA DIAS (externo)', 'MARCELO BRUNO DA SILVA DIAS (externo)', 'JODELSON AGUILAR SABINO (externo)', 'AGNALDO JOSE DA ROCHA REIS (externo)', 'FREDERICO GADELHA GUIMARAES (docente)']"
36,Séries Temporais Fuzzy do Tipo-2,2020,"['V.  E PINTO, ARTHUR CAIO', 'C.  L.  SILVA, PETRONIO', 'FREDERICO GADELHA GUIMARAES', 'P.  DE AGUIAR, EDUARDO']","['V.  E PINTO, ARTHUR CAIO (externo)', 'C.  L.  SILVA, PETRONIO (egresso(s/o))', 'FREDERICO GADELHA GUIMARAES (docente)', 'P.  DE AGUIAR, EDUARDO (externo)']"
37,Visão Computacional e Aprendizado de Máquina para Classificação de Componentes em Alimentadores de Subestações Elétricas,2020,"['SOARES OLIVEIRA, BRUNO ALBERTO', 'PEREIRA DE FARIA NETO, ABILIO', 'ARRUDA FERNANDINO, ROBERTO MARCIO', 'FERNANDES CARVALHO, ROGERIO', 'DE PROENCA COSTA, DIEGO', 'FREDERICO GADELHA GUIMARAES']","['SOARES OLIVEIRA, BRUNO ALBERTO (egresso(s/o))', 'PEREIRA DE FARIA NETO, ABILIO (externo)', 'ARRUDA FERNANDINO, ROBERTO MARCIO (externo)', 'FERNANDES CARVALHO, ROGERIO (externo)', 'DE PROENCA COSTA, DIEGO (externo)', 'FREDERICO GADELHA GUIMARAES (docente)']"
38,Rastreamento Ocular como Ferramenta para Melhorar o Diagnóstico do Autismo,2020,"['GIULIA ZANON DE CASTRO', 'BRUNO ALBERTO SOARES OLIVEIRA', 'RAMON PEREIRA', 'FREDERICO GADELHA GUIMARAES']","['GIULIA ZANON DE CASTRO (egresso(s/o))', 'BRUNO ALBERTO SOARES OLIVEIRA (egresso(s/o))', 'RAMON PEREIRA (externo)', 'FREDERICO GADELHA GUIMARAES (docente)']"
39,Predição de Risco de Doença Cardiovascular Como Estratégia de Prevenção Primária Utilizando Aprendizado de Máquina e Modelos Explicáveis,2020,"['BRUNO ALBERTO SOARES OLIVEIRA', 'GIULIA ZANON DE CASTRO', 'GIOVANNA LUIZA MEDINA FERREIRA', 'FREDERICO GADELHA GUIMARAES']","['BRUNO ALBERTO SOARES OLIVEIRA (egresso(s/o))', 'GIULIA ZANON DE CASTRO (egresso(s/o))', 'GIOVANNA LUIZA MEDINA FERREIRA (externo)', 'FREDERICO GADELHA GUIMARAES (docente)']"
40,Tomada de decisão multicritério para classificação de políticas de enfrentamento à COVID-19,2020,"['LUCAS PIMENTA DE SOUZA', 'MARCOS ANTONIO ALVES', 'PAULO VITOR DO CARMO BATISTA', 'PETRONIO CANDIDO DE LIMA E SILVA', 'FREDERICO GADELHA GUIMARAES']","['LUCAS PIMENTA DE SOUZA (egresso(s/o))', 'MARCOS ANTONIO ALVES (egresso(s/o))', 'PAULO VITOR DO CARMO BATISTA (egresso(s/o))', 'PETRONIO CANDIDO DE LIMA E SILVA (egresso(s/o))', 'FREDERICO GADELHA GUIMARAES (docente)']"
41,Desempenho de Linhas de Distribuição de 138 kV frente a Descargas Atmosféricas: Um Estudo de Caso de uma Linha Real,2020,"['HENRIQUE TASSARA CALENZANI', 'IVAN JOSE DA SILVA LOPES']","['HENRIQUE TASSARA CALENZANI (externo)', 'IVAN JOSE DA SILVA LOPES (docente)']"
42,MannAccess: A Novel Low Cost Assistive Educational Tool of Digital Image for Visually Impaired,2020,"['SVAIGEN, ALISSON RENAN', 'BINE, LAILLA MILAINNY SIQUEIRA', 'BINE, WUIGOR IVENS SIQUEIRA', 'LINNYER BEATRYS RUIZ AYLON']","['SVAIGEN, ALISSON RENAN (externo)', 'BINE, LAILLA MILAINNY SIQUEIRA (externo)', 'BINE, WUIGOR IVENS SIQUEIRA (externo)', 'LINNYER BEATRYS RUIZ AYLON (docente)']"
43,Teaching Computational Thinking to a Student with Attention Deficit Through Programming,2020,"['DA SILVA, FELIPPE FERNANDES', 'LINNYER BEATRYS RUIZ AYLON', 'FLOR, DANIELA ELOISE']","['DA SILVA, FELIPPE FERNANDES (externo)', 'LINNYER BEATRYS RUIZ AYLON (docente)', 'FLOR, DANIELA ELOISE (externo)']"
44,MannaAcademy: impulsionando o protagonismo feminino através de uma rede interinstitucional de extensão universitária,2020,"['FLOR, DANIELA ELOISE', 'DA CRUZ, EDUARDO HENRIQUE MOLINA', 'POSSEBOM, AYSLAN TREVIZAN', 'BELETI JUNIOR, CARLOS ROBERTO', 'HÜBNER, RODRIGO', 'GONCALVES, PAULO CESAR', 'DA SILVA, CESAR ALBERTO', 'LINNYER BEATRYS RUIZ AYLON']","['FLOR, DANIELA ELOISE (externo)', 'DA CRUZ, EDUARDO HENRIQUE MOLINA (externo)', 'POSSEBOM, AYSLAN TREVIZAN (externo)', 'BELETI JUNIOR, CARLOS ROBERTO (egresso(s/o))', 'HÜBNER, RODRIGO (externo)', 'GONCALVES, PAULO CESAR (externo)', 'DA SILVA, CESAR ALBERTO (egresso(s/o))', 'LINNYER BEATRYS RUIZ AYLON (docente)']"
45,O Uso de Sequências Didáticas no Ensino de Internet das Coisas: uma Experiência no Ensino Médio,2020,"['PINTO MOREIRA, ANDRE', 'ROBERTO BELETI JUNIOR, CARLOS', 'ELOISE FLOR, DANIELA', 'LINNYER BEATRYS RUIZ AYLON', 'JAIME ALVES, GABRIEL']","['PINTO MOREIRA, ANDRE (egresso(s/o))', 'ROBERTO BELETI JUNIOR, CARLOS (egresso(s/o))', 'ELOISE FLOR, DANIELA (externo)', 'LINNYER BEATRYS RUIZ AYLON (docente)', 'JAIME ALVES, GABRIEL (externo)']"
46,Internet das Coisas Robóticas: Desenvolvimento de um protótipo para o ensino de programação,2020,"['JAIME ALVES, GABRIEL', 'ROBERTO BELETI JUNIOR, CARLOS', 'PINTO MOREIRA, ANDRE', 'LINNYER BEATRYS RUIZ AYLON', 'ELOISE FLOR, DANIELA']","['JAIME ALVES, GABRIEL (externo)', 'ROBERTO BELETI JUNIOR, CARLOS (egresso(s/o))', 'PINTO MOREIRA, ANDRE (egresso(s/o))', 'LINNYER BEATRYS RUIZ AYLON (docente)', 'ELOISE FLOR, DANIELA (externo)']"
47,GeoIoD: Um Protocolo de Disseminação de Informação Geocast para Internet dos Drones,2020,"['LAILLA MILAINNY SIQUEIRA BINE', 'LUIZ FILIPE MENEZES VIEIRA', 'LINNYER BEATRYS RUIZ AYLON', 'ANTONIO ALFREDO F LOUREIRO']","['LAILLA MILAINNY SIQUEIRA BINE (externo)', 'LUIZ FILIPE MENEZES VIEIRA (externo)', 'LINNYER BEATRYS RUIZ AYLON (docente)', 'ANTONIO ALFREDO F LOUREIRO (externo)']"
48,MANNA-WUI: Um nó sensor versátil para a Internet das Coisas,2020,"['BINE, WUIGOR IVENS SIQUEIRA', 'LINNYER BEATRYS RUIZ AYLON']","['BINE, WUIGOR IVENS SIQUEIRA (externo)', 'LINNYER BEATRYS RUIZ AYLON (docente)']"
49,"MannaAcademy: Uma Rede de Estímulo à Participação e à Formação de Meninas e Mulheres para as Carreiras de Engenharias, Computação e Microeletrônica",2020,"['LINNYER BEATRYS RUIZ AYLON', 'DANIELA ELOISE FLOR', 'RODRIGO HUBNER', 'CESAR ALBERTO SILVA', 'CAMILA GONCALVES LEAL', 'CARLOS R.  BELETI JUNIOR', 'REGINALDO L.  RUSSINHOLI']","['LINNYER BEATRYS RUIZ AYLON (docente)', 'DANIELA ELOISE FLOR (externo)', 'RODRIGO HUBNER (externo)', 'CESAR ALBERTO SILVA (egresso(s/o))', 'CAMILA GONCALVES LEAL (externo)', 'CARLOS R.  BELETI JUNIOR (egresso(s/o))', 'REGINALDO L.  RUSSINHOLI (externo)']"
50,Grupo MannaTeam: oportunizando meninas e mulheres a desbravarem a Internet das Coisas,2020,"['DANIELA ELOISE FLOR', 'CARLOS R.  BELETI JUNIOR', 'EDUARDO HENRIQUE MOLINA DA CRUZ', 'LINNYER BEATRYS RUIZ AYLON']","['DANIELA ELOISE FLOR (externo)', 'CARLOS R.  BELETI JUNIOR (egresso(s/o))', 'EDUARDO HENRIQUE MOLINA DA CRUZ (externo)', 'LINNYER BEATRYS RUIZ AYLON (docente)']"
51,Abordagem didática para a popularização da Internet das Coisas na Educação Básica,2020,"['MOREIRA, ANDRE PINTO', 'ALVES, GABRIEL JAIME', 'BELETI JUNIOR, CARLOS ROBERTO', 'FLOR, DANIELA ELOISE', 'LINNYER BEATRYS RUIZ AYLON']","['MOREIRA, ANDRE PINTO (egresso(s/o))', 'ALVES, GABRIEL JAIME (externo)', 'BELETI JUNIOR, CARLOS ROBERTO (egresso(s/o))', 'FLOR, DANIELA ELOISE (externo)', 'LINNYER BEATRYS RUIZ AYLON (docente)']"
52,"Rede de estímulo à participação de meninas e mulheres nas áreas de Microeletrônica, Computação e Engenharias: experiência do projeto extensionista Manna Academy.",2020,"['ANA PAULA VIEIRA GUIMARAES', 'YASMIN DE ALMEIDA', 'ROBERTO BELETI JUNIOR, CARLOS', 'ELOISE FLOR, DANIELA', 'LINNYER BEATRYS RUIZ AYLON']","['ANA PAULA VIEIRA GUIMARAES (externo)', 'YASMIN DE ALMEIDA (externo)', 'ROBERTO BELETI JUNIOR, CARLOS (egresso(s/o))', 'ELOISE FLOR, DANIELA (externo)', 'LINNYER BEATRYS RUIZ AYLON (docente)']"
53,MannaTeam: a case of interinstitutional collaborative learning and Education 5.0,2020,"['FLOR, DANIELA ELOISE', 'HENRIQUE MOLINA DA CRUZ, EDUARDO', 'POSSEBOM, AYSLAN TREVIZAN', 'ROBERTO BELETI JUNIOR, CARLOS', 'HUBNER, RODRIGO', 'LINNYER BEATRYS RUIZ AYLON']","['FLOR, DANIELA ELOISE (externo)', 'HENRIQUE MOLINA DA CRUZ, EDUARDO (externo)', 'POSSEBOM, AYSLAN TREVIZAN (externo)', 'ROBERTO BELETI JUNIOR, CARLOS (egresso(s/o))', 'HUBNER, RODRIGO (externo)', 'LINNYER BEATRYS RUIZ AYLON (docente)']"
54,Análise de Aprendizagem da Metodologia Hands-on-Tec Baseada em Mineração de Dados,2020,"['INES BARAO FERREIRA MIYAMOTO', 'RODRIGO CLEMENTE THOM DE SOUZA', 'LINNYER BEATRYS RUIZ AYLON']","['INES BARAO FERREIRA MIYAMOTO (externo)', 'RODRIGO CLEMENTE THOM DE SOUZA (externo)', 'LINNYER BEATRYS RUIZ AYLON (docente)']"
55,Gain-scheduled control of nonlinear sampled-data systems: A Wirtinger-based approach,2020,"['OLIVEIRA, V. ', 'LUCIANO ANTONIO FREZZATO SANTOS']","['OLIVEIRA, V.  (externo)', 'LUCIANO ANTONIO FREZZATO SANTOS (docente)']"
56,Estimação da dinâmica de falhas em faixas finitas de frequência para sistemas contínuos chaveados,2020,"['M.  S.  ANASTACIO, CAIO', 'LUCIANO ANTONIO FREZZATO SANTOS']","['M.  S.  ANASTACIO, CAIO (externo)', 'LUCIANO ANTONIO FREZZATO SANTOS (docente)']"
57,Estimação do compasso musical do forró utilizando rede perceptron multicamadas,2020,"['F.  PAIVA, LUCAS', 'G.  LOPES, HUGO', 'LEONARDO BONATO FELIX', 'V.  A.  NEVES, RODOLPHO']","['F.  PAIVA, LUCAS (externo)', 'G.  LOPES, HUGO (externo)', 'LEONARDO BONATO FELIX (docente)', 'V.  A.  NEVES, RODOLPHO (externo)']"
58,Uma abordagem multiobjetivo para definição de rotas em Redes Definidas por Software (SDN),2020,"['ASSIS, SERVILIO', 'LUCIANO DE ERRICO']","['ASSIS, SERVILIO (discente(s/o))', 'LUCIANO DE ERRICO (docente)']"
59,Observation of moiré superlattices on twisted bilayer graphene by scanning microwave impedance microscopy,2020,"['OHLBERG, DOUGLAS A.  A. ', 'GONCALVES DO REGO, CASSIO', 'JORIO, ADO', 'MEDEIROS-RIBEIRO, GILBERTO', 'GADELHA, ANDREIJ C. ', 'TAMIA, DIEGO', 'NETO, ELIEL G.  S. ', 'MIRANDA, DANIEL A. ', 'LEMOS, JESSICA S. ', 'SANTANA, FABIANO C. ', 'CAMPOS, LEONARDO C. ', 'JHONATTAN CORDOBA RAMIREZ']","['OHLBERG, DOUGLAS A.  A.  (externo)', 'GONCALVES DO REGO, CASSIO (docente)', 'JORIO, ADO (externo)', 'MEDEIROS-RIBEIRO, GILBERTO (docente)', 'GADELHA, ANDREIJ C.  (externo)', 'TAMIA, DIEGO (externo)', 'NETO, ELIEL G.  S.  (externo)', 'MIRANDA, DANIEL A.  (externo)', 'LEMOS, JESSICA S.  (externo)', 'SANTANA, FABIANO C.  (externo)', 'CAMPOS, LEONARDO C.  (externo)', 'JHONATTAN CORDOBA RAMIREZ (docente)']"
60,Near-field microwave microscopy and processing of nanostructured materials,2020,"['AVELINO, WELLINGTON O. ', 'LOPEZ, DIEGO C.  T. ', 'OHLBERG, DOUGLAS A.  A. ', 'GIRALDO, BRIAN', 'GUERRERO, JESUS A. ', 'JHONATTAN CORDOBA RAMIREZ', 'KOBAYASHI, NOBUHIKO P. ', 'REGO, CASSIO G. ', 'MEDEIROS-RIBEIRO, GILBERTO']","['AVELINO, WELLINGTON O.  (externo)', 'LOPEZ, DIEGO C.  T.  (egresso(s/o))', 'OHLBERG, DOUGLAS A.  A.  (externo)', 'GIRALDO, BRIAN (externo)', 'GUERRERO, JESUS A.  (externo)', 'JHONATTAN CORDOBA RAMIREZ (docente)', 'KOBAYASHI, NOBUHIKO P.  (externo)', 'REGO, CASSIO G.  (docente)', 'MEDEIROS-RIBEIRO, GILBERTO (docente)']"
61,Design of Compact Integrated Photonic Crystal NAND and NOR Logic Gates,2020,"['CABALLERO, L.  E.  PEDRAZA', 'POVINELLI, MICHELLE', 'JHONATTAN CORDOBA RAMIREZ', 'GUIMARAES, PAULO', 'NETO, OMAR P.  VILELA']","['CABALLERO, L.  E.  PEDRAZA (externo)', 'POVINELLI, MICHELLE (externo)', 'JHONATTAN CORDOBA RAMIREZ (docente)', 'GUIMARAES, PAULO (externo)', 'NETO, OMAR P.  VILELA (externo)']"
62,Graphene-based Capacitive Structures Fabrication for Optical Modulation Devices,2020,"['SHIMABUKO, HILTON H. ', 'JHONATTAN CORDOBA RAMIREZ', 'SAITO, LUCIA A.  M. ']","['SHIMABUKO, HILTON H.  (externo)', 'JHONATTAN CORDOBA RAMIREZ (docente)', 'SAITO, LUCIA A.  M.  (externo)']"
63,Fabricação de Estruturas Capacitivas baseadas em Grafeno para Modulação Óptica,2020,"['HILTON H.  SHIMABUKO', 'JHONATTAN CORDOBA RAMIREZ', 'LUCIA AKEMI MIYAZATO SAITO']","['HILTON H.  SHIMABUKO (externo)', 'JHONATTAN CORDOBA RAMIREZ (docente)', 'LUCIA AKEMI MIYAZATO SAITO (externo)']"
64,Desenvolvimento de ferramenta de Simulação de Sistemas a Eventos Discretos Estocásticos decompostos em Equações Max-Plus lineares: aplicação em uma mina a céu aberto.,2020,"['PEREIRA LOPES, HIGOR', 'CARLOS ANDREY MAIA']","['PEREIRA LOPES, HIGOR (egresso(s/o))', 'CARLOS ANDREY MAIA (docente)']"
65,Just-In-Time Balancing of Feedback Assembly Lines Via Constrained-Linear Tropical Model,2020,"['LUIZA SERNIZON', 'CARLOS ANDREY MAIA']","['LUIZA SERNIZON (externo)', 'CARLOS ANDREY MAIA (docente)']"
66,Discrete Event System Control in Max-Plus Algebra : Application to Manufacturing Systems,2020,"['GABRIEL FREITAS OLIVEIRA', 'RENATO MARKELE FERREIRA CANDIDO', 'VINICIUS MARIANO GONCALVES', 'CARLOS ANDREY MAIA', 'COTTENCEAU, BERTRAND', 'LAURENT HARDOUIN']","['GABRIEL FREITAS OLIVEIRA (externo)', 'RENATO MARKELE FERREIRA CANDIDO (externo)', 'VINICIUS MARIANO GONCALVES (docente)', 'CARLOS ANDREY MAIA (docente)', 'COTTENCEAU, BERTRAND (externo)', 'LAURENT HARDOUIN (externo)']"
67,Aplicação da Transformada Rápida de Fourier em Equações Integrais no Domínio do Tempo para a Caracterização de Propagação Radioelétrica,2020,"['RENATA ALVES ANTUNES TELES', 'FERNANDO JOSE DA SILVA MOREIRA']","['RENATA ALVES ANTUNES TELES (discente)', 'FERNANDO JOSE DA SILVA MOREIRA (docente)']"
68,Novel Gaussian State Estimator based on H2 Norm and Steady-State Variance,2020,"['DE PAULA, ALESI AUGUSTO', 'COSTA DA SILVA CAMPOS, VICTOR', 'VIANNA RAFFO, GUILHERME', 'BRUNO OTAVIO SOARES TEIXEIRA']","['DE PAULA, ALESI AUGUSTO (egresso(s/o))', 'COSTA DA SILVA CAMPOS, VICTOR (docente)', 'VIANNA RAFFO, GUILHERME (docente)', 'BRUNO OTAVIO SOARES TEIXEIRA (docente)']"
69,Intermittent Suctioning For Patients Under Artificial Ventilation: A Digital Model Study,2020,"['FABIANO V. O. C.  MEDICE', 'MANOEL CARLOS BARBOSA PEREIRA', 'HENRIQUE RESENDE MARTINS', 'ALCENDINO NETO']","['FABIANO V. O. C.  MEDICE (egresso(s/o))', 'MANOEL CARLOS BARBOSA PEREIRA (egresso(s/o))', 'HENRIQUE RESENDE MARTINS (docente)', 'ALCENDINO NETO (externo)']"
70,Development and Validation of a New Hardware for a Somatossensorial Electrical Stimulator Based on Howland Current-Source Topology,2020,"['LAISLA V.  ALMEIDA', 'WILLIAM AZEVEDO DE PAULA', 'RENATO ZANETTI', 'HENRIQUE RESENDE MARTINS']","['LAISLA V.  ALMEIDA (egresso(s/o))', 'WILLIAM AZEVEDO DE PAULA (egresso(s/o))', 'RENATO ZANETTI (egresso(s/o))', 'HENRIQUE RESENDE MARTINS (docente)']"
71,Programmable Multichannel Neuromuscular Electrostimulation System: A Universal Platform for Functional Electrical Stimulation,2020,"['TIAGO MAGALHAES', 'AMANDA FERNANDES VILACA MARTINS', 'HENRIQUE RESENDE MARTINS']","['TIAGO MAGALHAES (egresso(s/o))', 'AMANDA FERNANDES VILACA MARTINS (egresso(s/o))', 'HENRIQUE RESENDE MARTINS (docente)']"
72,Previsão de Demanda de Energia Elétrica Utilizando Modelos Lineares,2020,"['JOSE GREGORIO DE FIGUEIREDO ROSA', 'SOARES, GUSTAVO LUIS', 'MACHADO-COELHO, THIAGO MELO', 'MARCUS HENRIQUE SOARES MENDES', 'M.  P.  LIBORIO', 'MACHADO, ALEXEI MANSO CORREA', 'PETR IAKOVLEVITCH EKEL']","['JOSE GREGORIO DE FIGUEIREDO ROSA (externo)', 'SOARES, GUSTAVO LUIS (externo)', 'MACHADO-COELHO, THIAGO MELO (externo)', 'MARCUS HENRIQUE SOARES MENDES (egresso(s/o))', 'M.  P.  LIBORIO (externo)', 'MACHADO, ALEXEI MANSO CORREA (externo)', 'PETR IAKOVLEVITCH EKEL (docente)']"
73,Análise do Controle de Potência Rea&#1048991;va de Sistemas de Armazenamento em um Alimentador de Distribuição Real,2020,"['JOAO PAULO ASSUNCAO DE SOUZA', 'SAMUEL PEREIRA DA ROCHA', 'MARINA HASSEN DE SOUZA', 'LUCAS DE GODOI TEIXEIRA', 'DANILO DERICK SILVA ALVES', 'LEITE, LEONARDO H.  M. ', 'WALLACE DO COUTO BOAVENTURA']","['JOAO PAULO ASSUNCAO DE SOUZA (docente)', 'SAMUEL PEREIRA DA ROCHA (discente(s/o))', 'MARINA HASSEN DE SOUZA (externo)', 'LUCAS DE GODOI TEIXEIRA (egresso(s/o))', 'DANILO DERICK SILVA ALVES (externo)', 'LEITE, LEONARDO H.  M.  (egresso(s/o))', 'WALLACE DO COUTO BOAVENTURA (docente)']"
74,Proposta de Plataforma para Monitoração Sincronizada de Dados Solarimétricos com Alta Resolução Temporal,2020,"['RODRIGO ANDRADE SILVEIRA', 'SAMIRA FONTES DOMINGOS', 'LUIS GUILHERME MONTEIRO', 'WALLACE DO COUTO BOAVENTURA']","['RODRIGO ANDRADE SILVEIRA (externo)', 'SAMIRA FONTES DOMINGOS (discente)', 'LUIS GUILHERME MONTEIRO (externo)', 'WALLACE DO COUTO BOAVENTURA (docente)']"
75,Estado da Arte para Previsão da Radiação Solar,2020,"['SAMIRA FONTES DOMINGOS', 'RODRIGO ANDRADE SILVEIRA', 'LUIS GUILHERME MONTEIRO', 'WALLACE DO COUTO BOAVENTURA']","['SAMIRA FONTES DOMINGOS (discente)', 'RODRIGO ANDRADE SILVEIRA (externo)', 'LUIS GUILHERME MONTEIRO (externo)', 'WALLACE DO COUTO BOAVENTURA (docente)']"
76,Métodos de Prognóstico de Falhas com a Rede Neo-Fuzzy Neuron,2020,"['DE SOUZA, JOSE HELIO', 'WALMIR MATOS CAMINHAS', 'WALMIR MATOS CAMINHAS']","['DE SOUZA, JOSE HELIO (egresso(s/o))', 'WALMIR MATOS CAMINHAS (docente)', 'WALMIR MATOS CAMINHAS (docente)']"
77,"Proposta de Framework com Foco em Me¿todos Evolutivos para Detecc¿a¿o, Diagno¿stico e Causa Raiz de Falhas em Processos Industriais",2020,"['M.  ALMEIDA, NAYRON', 'WALMIR MATOS CAMINHAS', 'WALMIR MATOS CAMINHAS']","['M.  ALMEIDA, NAYRON (egresso(s/o))', 'WALMIR MATOS CAMINHAS (docente)', 'WALMIR MATOS CAMINHAS (docente)']"
78,Comparação de Vida Útil entre Bancos de Baterias de Íon-lítio  e Chumbo-ácido no Contexto da Compensação de Energia com Fotovoltaicos e Tarifa Branca,2020,"['BARBARA  A. L.  PAIXAO', 'DANILO IGLESIAS BRANDAO', 'NICOLAS T. D.  FERNANDES', 'BRUNO MARCIANO LOPES', 'WADAED UTURBEY', 'WADAED UTURBEY DA COSTA']","['BARBARA  A. L.  PAIXAO (egresso(s/o))', 'DANILO IGLESIAS BRANDAO (docente)', 'NICOLAS T. D.  FERNANDES (discente(s/o))', 'BRUNO MARCIANO LOPES (discente)', 'WADAED UTURBEY (externo)', 'WADAED UTURBEY DA COSTA (docente)']"
79,Classificação de Cargas em Microrredes Utilizando a Análise Relacional Grey e Fatores de Desempenho da Carga,2020,"['BRUNA R.  P.  CONRADO', 'SIDELMO MAGALHAES SILVA', 'DANILO IGLESIAS BRANDAO', 'WESLEY A.  SOUZA', 'ALEXANDRE C.  MOREIRA', 'HELMO K.  M.  PAREDES']","['BRUNA R.  P.  CONRADO (egresso(s/o))', 'SIDELMO MAGALHAES SILVA (docente)', 'DANILO IGLESIAS BRANDAO (docente)', 'WESLEY A.  SOUZA (externo)', 'ALEXANDRE C.  MOREIRA (egresso(s/o))', 'HELMO K.  M.  PAREDES (externo)']"
80,A Multifuncionalidade do Compensador Série em uma Microrrede CA,2020,"['HELIO ANDRE MARCOS ANTUNES', 'SIDELMO MAGALHAES SILVA', 'ALYSSON A.  P.  MACHADO']","['HELIO ANDRE MARCOS ANTUNES (egresso(s/o))', 'SIDELMO MAGALHAES SILVA (docente)', 'ALYSSON A.  P.  MACHADO (egresso(s/o))']"
81,Análise Comparativa da Modelagem de Sistema HVDC no ATP  Para o Estudo de Transitórios Eletromagnéticos,2020,"['MARIA T.  C.  SOUZA', 'SIDELMO MAGALHAES SILVA', 'ALBERTO RESENDE DE CONTI']","['MARIA T.  C.  SOUZA (discente)', 'SIDELMO MAGALHAES SILVA (docente)', 'ALBERTO RESENDE DE CONTI (docente)']"
82,The True Unit Power Factor Converter with Flexible Arrangement for Battery Energy Systems: Series and Separate DC bus connection,2020,"['PARREIRAS, THIAGO M. ', 'ALVES, MARCOS H.  DA S. ', 'ALMEIDA, CAMILA E. ', 'SIDELMO MAGALHAES SILVA', 'FILHO, BRAZ DE J.  C. ']","['PARREIRAS, THIAGO M.  (egresso(s/o))', 'ALVES, MARCOS H.  DA S.  (egresso(s/o))', 'ALMEIDA, CAMILA E.  (egresso(s/o))', 'SIDELMO MAGALHAES SILVA (docente)', 'FILHO, BRAZ DE J.  C.  (docente)']"
83,Catastrophic Failure Prediction for Phase Control Thyristors in AC Pulsed Power Applications,2020,"['AMARAL, FERNANDO', 'SIDELMO MAGALHAES SILVA', 'CONCEICAO, CLAUDIO', 'GUIMARAES, GUSTAVO', 'INACIO, CLEBER', 'CARDOSO, BRAZ']","['AMARAL, FERNANDO (egresso(s/o))', 'SIDELMO MAGALHAES SILVA (docente)', 'CONCEICAO, CLAUDIO (egresso(s/o))', 'GUIMARAES, GUSTAVO (egresso(s/o))', 'INACIO, CLEBER (externo)', 'CARDOSO, BRAZ (docente)']"
84,Estimação de Estados de uma Câmara Termoeletricamente Controlada utilizando Projetos de Filtros H1,2020,"['J.  DE OLIVEIRA, BARBARA', 'VICTOR COSTA DA SILVA CAMPOS', 'F.  BRAGA, MARCIO']","['J.  DE OLIVEIRA, BARBARA (externo)', 'VICTOR COSTA DA SILVA CAMPOS (docente)', 'F.  BRAGA, MARCIO (externo)']"
85,Proposta de Sistema Aumentado para Controle Preditivo Baseado em Modelo de Inversor Trifásico com Filtro LC,2020,"['R.  A.  DEUS, FELIPE', 'VICTOR COSTA DA SILVA CAMPOS', 'A.  FOGLI, GABRIEL']","['R.  A.  DEUS, FELIPE (externo)', 'VICTOR COSTA DA SILVA CAMPOS (docente)', 'A.  FOGLI, GABRIEL (docente)']"
86,Novel Gaussian State Estimator based on H2 Norm and Steady-State Variance,2020,"['DE PAULA, ALESI AUGUSTO', 'VICTOR COSTA DA SILVA CAMPOS', 'VIANNA RAFFO, GUILHERME', 'SOARES TEIXEIRA, BRUNO OTAVIO']","['DE PAULA, ALESI AUGUSTO (egresso(s/o))', 'VICTOR COSTA DA SILVA CAMPOS (docente)', 'VIANNA RAFFO, GUILHERME (docente)', 'SOARES TEIXEIRA, BRUNO OTAVIO (docente)']"
87,Backstepping com Aproximação Adaptativa e Redução de Complexidade para um Sistema de Rotor Duplo,2020,"['R.  MACEDO, FERNANDA', 'A.  B.  TORRES, LEONARDO', 'VICTOR COSTA DA SILVA CAMPOS']","['R.  MACEDO, FERNANDA (discente)', 'A.  B.  TORRES, LEONARDO (docente)', 'VICTOR COSTA DA SILVA CAMPOS (docente)']"
88,Automatic Translation of Blocking Flexible Job Shop Scheduling Problems to Automata Using the Supervisory Control Theory,2020,"['DANIEL SARSUR', 'PATRICIA NASCIMENTO PENA', 'RICARDO HIROSHI CALDEIRA TAKAHASHI']","['DANIEL SARSUR (externo)', 'PATRICIA NASCIMENTO PENA (docente)', 'RICARDO HIROSHI CALDEIRA TAKAHASHI (docente)']"
89,Observation of moiré superlattices on twisted bilayer graphene by scanning microwave impedance microscopy,2020,"['OHLBERG, DOUGLAS A.  A. ', 'CASSIO GONCALVES DO REGO', 'JORIO, ADO', 'MEDEIROS-RIBEIRO, GILBERTO', 'GADELHA, ANDREIJ C. ', 'TAMIA, DIEGO', 'NETO, ELIEL G.  S. ', 'MIRANDA, DANIEL A. ', 'LEMOS, JESSICA S. ', 'SANTANA, FABIANO C. ', 'CAMPOS, LEONARDO C. ', 'RAMIREZ, JHONATTAN C. ']","['OHLBERG, DOUGLAS A.  A.  (externo)', 'CASSIO GONCALVES DO REGO (docente)', 'JORIO, ADO (externo)', 'MEDEIROS-RIBEIRO, GILBERTO (docente)', 'GADELHA, ANDREIJ C.  (externo)', 'TAMIA, DIEGO (externo)', 'NETO, ELIEL G.  S.  (externo)', 'MIRANDA, DANIEL A.  (externo)', 'LEMOS, JESSICA S.  (externo)', 'SANTANA, FABIANO C.  (externo)', 'CAMPOS, LEONARDO C.  (externo)', 'RAMIREZ, JHONATTAN C.  (docente)']"
90,Near-field microwave microscopy and processing of nanostructured materials,2020,"['AVELINO, WELLINGTON O. ', 'LOPEZ, DIEGO C.  T. ', 'OHLBERG, DOUGLAS A.  A. ', 'GIRALDO, BRIAN', 'GUERRERO, JESUS A. ', 'RAMIREZ, JHONATTAN C. ', 'KOBAYASHI, NOBUHIKO P. ', 'CASSIO GONCALVES DO REGO', 'MEDEIROS-RIBEIRO, GILBERTO']","['AVELINO, WELLINGTON O.  (externo)', 'LOPEZ, DIEGO C.  T.  (egresso(s/o))', 'OHLBERG, DOUGLAS A.  A.  (externo)', 'GIRALDO, BRIAN (externo)', 'GUERRERO, JESUS A.  (externo)', 'RAMIREZ, JHONATTAN C.  (docente)', 'KOBAYASHI, NOBUHIKO P.  (externo)', 'CASSIO GONCALVES DO REGO (docente)', 'MEDEIROS-RIBEIRO, GILBERTO (docente)']"
91,Backstepping com Aproximação Adaptativa e Redução de Complexidade para um Sistema de Rotor Duplo,2020,"['FERNANDA R.  MACEDO', 'LEONARDO ANTONIO BORGES TORRES', 'CAMPOS, VICTOR C.  S. ']","['FERNANDA R.  MACEDO (discente)', 'LEONARDO ANTONIO BORGES TORRES (docente)', 'CAMPOS, VICTOR C.  S.  (docente)']"
92,MPC robusto para sistemas lineares com saltos Markovianos restrições em segundo momento,2020,"['ROSILEIDE LOPES', 'EDUARDO MAZONI ANDRADE MARCAL MENDES', 'LEONARDO ANTONIO BORGES TORRES', 'ALESSANDRO DO NASCIMENTO VARGAS', 'REINALDO MARTINEZ PALHARES']","['ROSILEIDE LOPES (egresso(s/o))', 'EDUARDO MAZONI ANDRADE MARCAL MENDES (docente)', 'LEONARDO ANTONIO BORGES TORRES (docente)', 'ALESSANDRO DO NASCIMENTO VARGAS (externo)', 'REINALDO MARTINEZ PALHARES (docente)']"
93,Reconfiguration of Discrete Event Systems using Synchronizing Words,2020,"['LUCAS VINICIUS RIBEIRO ALVES', 'PATRICIA NASCIMENTO PENA']","['LUCAS VINICIUS RIBEIRO ALVES (egresso(s/o))', 'PATRICIA NASCIMENTO PENA (docente)']"
94,Automatic Translation of Blocking Flexible Job Shop Scheduling Problems to Automata Using the Supervisory Control Theory,2020,"['DANIEL SARSUR CAMARA', 'PATRICIA NASCIMENTO PENA', 'RICARDO HIROSHI CALDEIRA TAKAHASHI']","['DANIEL SARSUR CAMARA (egresso(s/o))', 'PATRICIA NASCIMENTO PENA (docente)', 'RICARDO HIROSHI CALDEIRA TAKAHASHI (docente)']"
95,Synchronism Recovery of Discrete Event Systems,2020,"['LUCAS VINICIUS RIBEIRO ALVES', 'PATRICIA NASCIMENTO PENA']","['LUCAS VINICIUS RIBEIRO ALVES (egresso(s/o))', 'PATRICIA NASCIMENTO PENA (docente)']"
96,Planejamento da produção em sistemas de manufatura modelados como Processo de Decisão Markoviano,2020,"['C.  DOS SANTOS, MATHEUS', 'V.  R.  ALVES, LUCAS', 'PATRICIA NASCIMENTO PENA']","['C.  DOS SANTOS, MATHEUS (externo)', 'V.  R.  ALVES, LUCAS (egresso(s/o))', 'PATRICIA NASCIMENTO PENA (docente)']"
97,Tradução Automática de Problemas de Escalonamento Job Shop Flexível com Bloqueio para Autômatos Utilizando a TCS,2020,"['SARSUR C. , DANIEL', 'PATRICIA NASCIMENTO PENA', 'H.  C.  TAKAHASHI, RICARDO']","['SARSUR C. , DANIEL (externo)', 'PATRICIA NASCIMENTO PENA (docente)', 'H.  C.  TAKAHASHI, RICARDO (docente)']"
98,Beyond exploding and  &#09;vanishing gradients: analyzing RNN training using attractors and smoothness,2020,"['ANTONIO HORTA RIBEIRO', 'TIELS, KOEN', 'LUIS ANTONIO AGUIRRE', 'SCHÖN, THOMAS B. ']","['ANTONIO HORTA RIBEIRO (egresso(s/o))', 'TIELS, KOEN (externo)', 'LUIS ANTONIO AGUIRRE (docente)', 'SCHÖN, THOMAS B.  (externo)']"
99,Rede de Instrumentação para Sensoriamento de Temperatura e Vibração de BCSS,2020,"['A.  TOLEDO, JOSE', 'F.  F.  SILVA, LUIZ', 'A.  R.  SILVA, LEONARDO', 'C.  FURTADO, EDGAR', 'P.  BARBOSA, TARSIS', 'LUIS ANTONIO AGUIRRE']","['A.  TOLEDO, JOSE (discente)', 'F.  F.  SILVA, LUIZ (externo)', 'A.  R.  SILVA, LEONARDO (egresso(s/o))', 'C.  FURTADO, EDGAR (externo)', 'P.  BARBOSA, TARSIS (externo)', 'LUIS ANTONIO AGUIRRE (docente)']"
100,A DGTD Method Using Nonconforming Curved Elements to Solve Electromagnetic Scattering by Rounded Boundaries,2020,"['MARLON JESUS LIZARALO URBINA', 'DE SOUZA, FIDEL', 'ELSON JOSE DA SILVA', 'RENATO CARDOSO MESQUITA']","['MARLON JESUS LIZARALO URBINA (egresso(s/o))', 'DE SOUZA, FIDEL (egresso(s/o))', 'ELSON JOSE DA SILVA (docente)', 'RENATO CARDOSO MESQUITA (docente)']"
101,Vector Shape Functions For The Nodal Meshless Method,2020,"['LUILLY ALEJANDRO GARCIA ORTIZ', 'RENATO CARDOSO MESQUITA', 'NAISSES ZOIA LIMA']","['LUILLY ALEJANDRO GARCIA ORTIZ (egresso(s/o))', 'RENATO CARDOSO MESQUITA (docente)', 'NAISSES ZOIA LIMA (egresso(s/o))']"
102,Nearest Neighbors Search Using Multi-GPU,2020,"['VINICIUS SILVA NOGUEIRA', 'AMORIM, LUCAS PANTUZA', 'BARATTA, IGOR', 'GABRIEL FELIPE PAIVA PEREIRA', 'RENATO CARDOSO MESQUITA']","['VINICIUS SILVA NOGUEIRA (externo)', 'AMORIM, LUCAS PANTUZA (egresso(s/o))', 'BARATTA, IGOR (discente(s/o))', 'GABRIEL FELIPE PAIVA PEREIRA (externo)', 'RENATO CARDOSO MESQUITA (docente)']"
103,Multi-GPU Strategies to Element-by-Element Finite Element Method Realization,2020,"['GABRIEL FELIPE PAIVA PEREIRA', 'AMORIM, LUCAS P. ', 'THIAGO GOVEIA', 'IGOR ALMEIDA BARATTA', 'VINICIUS SILVA NOGUEIRA', 'RENATO CARDOSO MESQUITA']","['GABRIEL FELIPE PAIVA PEREIRA (externo)', 'AMORIM, LUCAS P.  (egresso(s/o))', 'THIAGO GOVEIA (externo)', 'IGOR ALMEIDA BARATTA (discente(s/o))', 'VINICIUS SILVA NOGUEIRA (externo)', 'RENATO CARDOSO MESQUITA (docente)']"
104,Estratégias para realização de competições locais de robótica,2020,"['ITALO JOSE DIAS', 'JOSE VITOR COSTA CRUZ', 'SARAH CARINE DE OLIVEIRA', 'TIAGO MENEZES BONFIM', 'THAIS AVILA MORATO', 'VINICIUS BATISTA FETTER', 'LUCIANA PEDROSA SALLES']","['ITALO JOSE DIAS (externo)', 'JOSE VITOR COSTA CRUZ (externo)', 'SARAH CARINE DE OLIVEIRA (externo)', 'TIAGO MENEZES BONFIM (externo)', 'THAIS AVILA MORATO (externo)', 'VINICIUS BATISTA FETTER (externo)', 'LUCIANA PEDROSA SALLES (docente)']"
105,ROSI: a mobile robot for inspection of belt conveyor,2020,"['HENRIQUE DUARTE FARIA', 'GUSTAVO MEDEIROS FREITAS', 'GUSTAVO PESSIN', 'FERNANDO CESAR LIZARRALDE', 'RAMON COSTA', 'RICARDO HALFELD ROSADAS DE ANDRADE', 'THALES HENRIQUE DA SILVA', 'RAPHAEL PEREIRA DE FIGUEIREDO DA SILVA', 'EVELYN SOARES BARBOSA', 'FILIPE AUGUSTO SANTOS ROCHA', 'ANDRE FRANCA']","['HENRIQUE DUARTE FARIA (externo)', 'GUSTAVO MEDEIROS FREITAS (docente)', 'GUSTAVO PESSIN (externo)', 'FERNANDO CESAR LIZARRALDE (externo)', 'RAMON COSTA (externo)', 'RICARDO HALFELD ROSADAS DE ANDRADE (externo)', 'THALES HENRIQUE DA SILVA (egresso(s/o))', 'RAPHAEL PEREIRA DE FIGUEIREDO DA SILVA (externo)', 'EVELYN SOARES BARBOSA (externo)', 'FILIPE AUGUSTO SANTOS ROCHA (externo)', 'ANDRE FRANCA (externo)']"
106,Indoor Localization and Navigation Control Strategies for a Mobile Robot Designed to Inspect Confined Environments,2020,"['REZENDE, ADRIANO M.  C. ', 'JUNIOR, GILMAR P.  C. ', 'FERNANDES, RAFAEL', 'MIRANDA, VICTOR R.  F. ', 'AZPURUA, HECTOR', 'PESSIN, GUSTAVO', 'GUSTAVO MEDEIROS FREITAS']","['REZENDE, ADRIANO M.  C.  (egresso(s/o))', 'JUNIOR, GILMAR P.  C.  (externo)', 'FERNANDES, RAFAEL (externo)', 'MIRANDA, VICTOR R.  F.  (egresso(s/o))', 'AZPURUA, HECTOR (externo)', 'PESSIN, GUSTAVO (externo)', 'GUSTAVO MEDEIROS FREITAS (docente)']"
107,On the Evaluation of Force Feedback Augmented Teleoperation of Excavator-like Mobile Manipulators,2020,"['CARVALHO, LUCAS', 'CAMPOS, MARIO F.  M. ', 'REZECK, PAULO', 'LIMA, MATHEUS V. ', 'PINTO, LUAN', 'GUSTAVO MEDEIROS FREITAS', 'NASCIMENTO, ERICKSON R. ', 'MACHARET, DOUGLAS G. ', 'CHAIMOWICZ, LUIZ', 'PESSIN, GUSTAVO']","['CARVALHO, LUCAS (egresso(s/o))', 'CAMPOS, MARIO F.  M.  (externo)', 'REZECK, PAULO (externo)', 'LIMA, MATHEUS V.  (egresso(s/o))', 'PINTO, LUAN (externo)', 'GUSTAVO MEDEIROS FREITAS (docente)', 'NASCIMENTO, ERICKSON R.  (externo)', 'MACHARET, DOUGLAS G.  (externo)', 'CHAIMOWICZ, LUIZ (externo)', 'PESSIN, GUSTAVO (externo)']"
108,Investigation of Visual Reconstruction Techniques Using Mobile Robots in Confined Environments,2020,"['FERNANDES, RAFAEL', 'ROCHA, THIAGO LAGES', 'AZPURUA, HECTOR', 'PESSIN, GUSTAVO', 'NETO, ARMANDO ALVES', 'GUSTAVO MEDEIROS FREITAS']","['FERNANDES, RAFAEL (externo)', 'ROCHA, THIAGO LAGES (externo)', 'AZPURUA, HECTOR (externo)', 'PESSIN, GUSTAVO (externo)', 'NETO, ARMANDO ALVES (docente)', 'GUSTAVO MEDEIROS FREITAS (docente)']"
109,A Simulated Environment for the Development and Validation of an Inspection Robot for Confined Spaces,2020,"['CID, ANDRE', 'REZENDE, ADRIANO', 'MIRANDA, VICTOR', 'GUSTAVO MEDEIROS FREITAS', 'PESSIN, GUSTAVO', 'AZPURUA, HECTOR', 'NAZARIO, MATEUS', 'SATHLER, MAURICIO', 'MARTINS, FREDERICO', 'DOMINGUES, JACO', 'DELUNARDO, MARIO', 'ALVES, PAULO', 'TEOTONIO, RODRIGO', 'BARROS, LUIZ GUILHERME']","['CID, ANDRE (externo)', 'REZENDE, ADRIANO (egresso(s/o))', 'MIRANDA, VICTOR (egresso(s/o))', 'GUSTAVO MEDEIROS FREITAS (docente)', 'PESSIN, GUSTAVO (externo)', 'AZPURUA, HECTOR (externo)', 'NAZARIO, MATEUS (externo)', 'SATHLER, MAURICIO (externo)', 'MARTINS, FREDERICO (externo)', 'DOMINGUES, JACO (externo)', 'DELUNARDO, MARIO (externo)', 'ALVES, PAULO (externo)', 'TEOTONIO, RODRIGO (externo)', 'BARROS, LUIZ GUILHERME (externo)']"
110,Algoritmos Genéticos para Determinação da Cinemática Inversa de um Robô de 6DoF,2020,"['ALVES E FARNESE, MATHEUS', 'GUSTAVO MEDEIROS FREITAS', 'PESSIN, GUSTAVO']","['ALVES E FARNESE, MATHEUS (externo)', 'GUSTAVO MEDEIROS FREITAS (docente)', 'PESSIN, GUSTAVO (externo)']"
111,Investigação e Simulação de Sistema Robótico para Automatização da Emenda de Correias Transportadoras,2020,"['FERNANDES SANTOS, LUAN', 'DE BARRROS, LUIZ GUILHERME', 'BRITO RODRIGUES, GUILHERME', 'BRANDAO, PAULO', 'VON PRITZELWITZ, PHILIP', 'GUSTAVO MEDEIROS FREITAS']","['FERNANDES SANTOS, LUAN (externo)', 'DE BARRROS, LUIZ GUILHERME (externo)', 'BRITO RODRIGUES, GUILHERME (externo)', 'BRANDAO, PAULO (externo)', 'VON PRITZELWITZ, PHILIP (externo)', 'GUSTAVO MEDEIROS FREITAS (docente)']"
112,Projeto de uma Bancada Instrumentada para Avaliação de Ferramenta de Corte Rotativa para Preparação de Emenda de Correias,2020,"['DIAS DE BARROS, LUIZ GUILHERME', 'FERNANDES SANTOS, LUAN', 'VON PRITZELWITZ, PHILIP', 'GUSTAVO MEDEIROS FREITAS']","['DIAS DE BARROS, LUIZ GUILHERME (externo)', 'FERNANDES SANTOS, LUAN (externo)', 'VON PRITZELWITZ, PHILIP (externo)', 'GUSTAVO MEDEIROS FREITAS (docente)']"
113,Desenvolvimento de um drone autônomo para tarefas de entrega de carga,2020,"['L.  ROCHA, THIAGO', 'M.  C.  REZENDE, ADRIANO', 'R.  F.  MIRANDA, VICTOR', 'AZPURUA, HECTOR', 'GUSTAVO MEDEIROS FREITAS']","['L.  ROCHA, THIAGO (externo)', 'M.  C.  REZENDE, ADRIANO (egresso(s/o))', 'R.  F.  MIRANDA, VICTOR (egresso(s/o))', 'AZPURUA, HECTOR (externo)', 'GUSTAVO MEDEIROS FREITAS (docente)']"
114,"Laboratório de Projeto - Concepção, Gestão e Implementação de Projetos Aplicados ao Ensino de Engenharia de Sistemas",2020,"['NESIO, RENATA', 'F.  FREITAS, PEDRO', 'GUSTAVO MEDEIROS FREITAS']","['NESIO, RENATA (externo)', 'F.  FREITAS, PEDRO (externo)', 'GUSTAVO MEDEIROS FREITAS (docente)']"
115,Investigação de Técnicas LiDAR SLAM para um Dispositivo Robótico de Inspeção de Ambientes Confinados,2020,"['PEREIRA DA CRUZ JUNIOR, GILMAR', 'DO CARMO MATOS, LUCAS VINICIUS', 'AZPURUA, HECTOR', 'PESSIN, GUSTAVO', 'GUSTAVO MEDEIROS FREITAS']","['PEREIRA DA CRUZ JUNIOR, GILMAR (externo)', 'DO CARMO MATOS, LUCAS VINICIUS (externo)', 'AZPURUA, HECTOR (externo)', 'PESSIN, GUSTAVO (externo)', 'GUSTAVO MEDEIROS FREITAS (docente)']"
116,Sistema de Alertas e Operação Assistida de um Robô para a Inspeçãao de Ambientes Confinados - EspeleoRobô,2020,"['AMARAL, ISRAEL', 'GUSTAVO MEDEIROS FREITAS', 'FANY, CAROLINA', 'SIMON, DAVID', 'MATOS, LUCAS', 'ARAUJO, ALVARO', 'LEAO, LUCCA', 'REZENDE, ADRIANO', 'AZPURUA, HECTOR', 'PESSIN, GUSTAVO']","['AMARAL, ISRAEL (externo)', 'GUSTAVO MEDEIROS FREITAS (docente)', 'FANY, CAROLINA (externo)', 'SIMON, DAVID (externo)', 'MATOS, LUCAS (externo)', 'ARAUJO, ALVARO (externo)', 'LEAO, LUCCA (externo)', 'REZENDE, ADRIANO (egresso(s/o))', 'AZPURUA, HECTOR (externo)', 'PESSIN, GUSTAVO (externo)']"
117,Empirical Analysis on the State of Transfer Learning for Small Data Text Classification Tasks Using Contextual Embeddings,2020,"['CARVALHO, FELIPE', 'CRISTIANO LEITE DE CASTRO']","['CARVALHO, FELIPE (egresso(s/o))', 'CRISTIANO LEITE DE CASTRO (docente)']"
118,Aprendizado Ativo via Algoritmo de Evolução Diferencial,2020,"['DE FREITAS DIADELMO, MARCUS VINICIUS', 'DE PAULA, MARCUS VINICIUS', 'MARTINS REZENDE, TAMIRES', 'DE PADUA BRAGA, ANTONIO', 'CRISTIANO LEITE DE CASTRO']","['DE FREITAS DIADELMO, MARCUS VINICIUS (egresso(s/o))', 'DE PAULA, MARCUS VINICIUS (egresso(s/o))', 'MARTINS REZENDE, TAMIRES (egresso(s/o))', 'DE PADUA BRAGA, ANTONIO (docente)', 'CRISTIANO LEITE DE CASTRO (docente)']"
119,An Incremental Learning approach using Long Short-Term Memory Neural Networks,2020,"['C.  LEMOS NETO, ALVARO', 'A.  COELHO, RODRIGO', 'CRISTIANO LEITE DE CASTRO']","['C.  LEMOS NETO, ALVARO (discente)', 'A.  COELHO, RODRIGO (discente)', 'CRISTIANO LEITE DE CASTRO (docente)']"
120,Abordagem Espacial via Quadtree para Detecção de Mudança de Conceito em Fluxos de Dados Contínuos,2020,"['A.  COELHO, RODRIGO', 'CRISTIANO LEITE DE CASTRO']","['A.  COELHO, RODRIGO (discente)', 'CRISTIANO LEITE DE CASTRO (docente)']"
121,Uma Proposta de Correção de Dados Ruidosos via K-Nearest Neighbours,2020,"['M.  MAGALHAES PINTO, VICTOR', 'CRISTIANO LEITE DE CASTRO']","['M.  MAGALHAES PINTO, VICTOR (discente)', 'CRISTIANO LEITE DE CASTRO (docente)']"
122,Proposta de Sistema Aumentado para Controle Preditivo Baseado em Modelo de Inversor Trifásico com Filtro LC,2020,"['R.  A.  DEUS, FELIPE', 'C.  S.  CAMPOS, VICTOR', 'GABRIEL AZEVEDO FOGLI']","['R.  A.  DEUS, FELIPE (externo)', 'C.  S.  CAMPOS, VICTOR (docente)', 'GABRIEL AZEVEDO FOGLI (docente)']"
123,Análise da Compensação Feed-forward em Dispositivos Formadores de Rede Monofásico,2020,"['GUEDES COTA, LUCIANO', 'NEVES MAIA, YASMINE', 'LAGE ALMEIDA DIAS, ANDRE', 'GABRIEL AZEVEDO FOGLI', 'DIAS NETO DE SOUZA, IGOR']","['GUEDES COTA, LUCIANO (egresso(s/o))', 'NEVES MAIA, YASMINE (discente)', 'LAGE ALMEIDA DIAS, ANDRE (externo)', 'GABRIEL AZEVEDO FOGLI (docente)', 'DIAS NETO DE SOUZA, IGOR (externo)']"
124,Set-based state estimation and fault diagnosis of linear discrete-time descriptor systems using constrained zonotopes,2020,"['BRENNER SANTANA REGO', 'DAVIDE MARTINO RAIMONDO', 'GUILHERME VIANNA RAFFO']","['BRENNER SANTANA REGO (egresso(s/o))', 'DAVIDE MARTINO RAIMONDO (externo)', 'GUILHERME VIANNA RAFFO (docente)']"
125,Distributed Parameterized Predictive Control for Multi-robot Curve Tracking,2020,"['GABRIEL VIANA PACHECO', 'LUCIANO CUNHA DE ARAUJO PIMENTA', 'GUILHERME VIANNA RAFFO']","['GABRIEL VIANA PACHECO (egresso(s/o))', 'LUCIANO CUNHA DE ARAUJO PIMENTA (docente)', 'GUILHERME VIANNA RAFFO (docente)']"
126,Robust optimal nonlinear control strategies for an aerial manipulator,2020,"['JUNIO EDUARDO MORAIS AQUINO', 'DANIEL NERI CARDOSO', 'GUILHERME VIANNA RAFFO']","['JUNIO EDUARDO MORAIS AQUINO (externo)', 'DANIEL NERI CARDOSO (egresso(s/o))', 'GUILHERME VIANNA RAFFO (docente)']"
127,MPC Based Feedback- Linearization Strategy of a Fixed- Wing UAV,2020,"['LEONARDO ANICIO ALVES PEREIRA', 'LUCIANO CUNHA DE ARAUJO PIMENTA', 'GUILHERME VIANNA RAFFO']","['LEONARDO ANICIO ALVES PEREIRA (discente)', 'LUCIANO CUNHA DE ARAUJO PIMENTA (docente)', 'GUILHERME VIANNA RAFFO (docente)']"
128,Explicit Model Predictive Control for a Tiltrotor UAV in Cargo Transportation Tasks,2020,"['RICHARD ANDRADE', 'ANTONIO FERRAMOSCA', 'JULIO ELIAS NORMEY RICO', 'GUILHERME VIANNA RAFFO']","['RICHARD ANDRADE (externo)', 'ANTONIO FERRAMOSCA (externo)', 'JULIO ELIAS NORMEY RICO (externo)', 'GUILHERME VIANNA RAFFO (docente)']"
129,Novel Gaussian State Estimator based on H2 Norm and Steady-State Variance,2020,"['ALESI AUGUSTO DE PAULA', 'VICTOR COSTA DA SILVA CAMPOS', 'GUILHERME VIANNA RAFFO', 'BRUNO OTAVIO SOARES TEIXEIRA']","['ALESI AUGUSTO DE PAULA (egresso(s/o))', 'VICTOR COSTA DA SILVA CAMPOS (docente)', 'GUILHERME VIANNA RAFFO (docente)', 'BRUNO OTAVIO SOARES TEIXEIRA (docente)']"
130,The True Unit Power Factor Converter with Flexible Arrangement for Battery Energy Systems: Series and Separate DC bus connection,2020,"['PARREIRAS, THIAGO M. ', 'ALVES, MARCOS H.  DA S. ', 'ALMEIDA, CAMILA E. ', 'SILVA, SIDELMO M. ', 'BRAZ DE JESUS CARDOSO FILHO']","['PARREIRAS, THIAGO M.  (egresso(s/o))', 'ALVES, MARCOS H.  DA S.  (egresso(s/o))', 'ALMEIDA, CAMILA E.  (egresso(s/o))', 'SILVA, SIDELMO M.  (docente)', 'BRAZ DE JESUS CARDOSO FILHO (docente)']"
131,Aplicação do Retifiador True Unity Power Factor em Estações de Carregamento Ultrarrápidas,2020,"['A.  DE L.  BRANDAO, DENER', 'M.  PARREIRAS, THIAGO', 'A.  PIRES, IGOR', 'BRAZ DE JESUS CARDOSO FILHO']","['A.  DE L.  BRANDAO, DENER (externo)', 'M.  PARREIRAS, THIAGO (egresso(s/o))', 'A.  PIRES, IGOR (docente)', 'BRAZ DE JESUS CARDOSO FILHO (docente)']"
132,Catastrophic Failure Prediction for Phase Control Thyristors in AC Pulsed Power Applications,2020,"['AMARAL, FERNANDO', 'SILVA, SIDELMO', 'CONCEICAO, CLAUDIO', 'GUIMARAES, GUSTAVO', 'INACIO, CLEBER', 'BRAZ DE JESUS CARDOSO FILHO']","['AMARAL, FERNANDO (egresso(s/o))', 'SILVA, SIDELMO (docente)', 'CONCEICAO, CLAUDIO (egresso(s/o))', 'GUIMARAES, GUSTAVO (egresso(s/o))', 'INACIO, CLEBER (externo)', 'BRAZ DE JESUS CARDOSO FILHO (docente)']"
133,The True Unity Power Factor Converter for BOF Charging Cranes,2020,"['PARREIRAS, THIAGO M. ', 'DA S.  ALVES, MARCOS H. ', 'BASTOS, RODRIGO R. ', 'PIRES, IGOR A. ', 'BRAZ DE JESUS CARDOSO FILHO']","['PARREIRAS, THIAGO M.  (egresso(s/o))', 'DA S.  ALVES, MARCOS H.  (egresso(s/o))', 'BASTOS, RODRIGO R.  (egresso(s/o))', 'PIRES, IGOR A.  (docente)', 'BRAZ DE JESUS CARDOSO FILHO (docente)']"
134,Design and Verification of a Parameterizable Interleaver and Deinterleaver for Visible Light Communication,2020,"['MATEUS GONCALVES SILVA', 'GABRIEL R T ARAUJO', 'ELISA S BACELAR', 'RICARDO DE OLIVEIRA DUARTE']","['MATEUS GONCALVES SILVA (egresso(s/o))', 'GABRIEL R T ARAUJO (externo)', 'ELISA S BACELAR (externo)', 'RICARDO DE OLIVEIRA DUARTE (docente)']"
135,Dimensionamento e arranjo de baterias em um sistema de propulsão aeronáutica e as tendências para o futuro,2020,"['VIEIRA COUTINHO, HUDSON', 'AZEVEDO, DANILO', 'THALES ALEXANDRE CARVALHO MAIA']","['VIEIRA COUTINHO, HUDSON (externo)', 'AZEVEDO, DANILO (externo)', 'THALES ALEXANDRE CARVALHO MAIA (docente)']"
136,In-Wheel Traction Motor: a Case Study for Formula SAE Electric,2020,"['REGIS GUIA, ABRAAO', 'A.  SILVA, RAFAEL', 'A.  PIRES, IGOR', 'THALES ALEXANDRE CARVALHO MAIA']","['REGIS GUIA, ABRAAO (externo)', 'A.  SILVA, RAFAEL (egresso(s/o))', 'A.  PIRES, IGOR (docente)', 'THALES ALEXANDRE CARVALHO MAIA (docente)']"
137,A Long Term Evaluation of Photovoltaic Systems under Power Quality Problems,2020,"['M.  Q.  SILVA, FERNANDA', 'A.  PIRES, IGOR', 'THALES ALEXANDRE CARVALHO MAIA']","['M.  Q.  SILVA, FERNANDA (discente)', 'A.  PIRES, IGOR (docente)', 'THALES ALEXANDRE CARVALHO MAIA (docente)']"
138,Inversor operando em modo isolado com compartilhamento de carga pelo controle droop,2020,"['RENATA CRISTINA SILVA', 'VITOR GOMES NEVES', 'FELIPE DANIEL DOS SANTOS', 'CLODUALDO V DE SOUSA', 'SELEME ISAAC SELEME JUNIOR']","['RENATA CRISTINA SILVA (egresso(s/o))', 'VITOR GOMES NEVES (externo)', 'FELIPE DANIEL DOS SANTOS (externo)', 'CLODUALDO V DE SOUSA (externo)', 'SELEME ISAAC SELEME JUNIOR (docente)']"
139,Aplicação do Retificador True Unit Power Factor em Estações de Carregamento Ultrarrápido,2020,"['DENER AUGUSTO DE LISBOA BRANDAO', 'THIAGO PARREIRAS', 'IGOR AMARIZ PIRES', 'BRAZ']","['DENER AUGUSTO DE LISBOA BRANDAO (externo)', 'THIAGO PARREIRAS (egresso(s/o))', 'IGOR AMARIZ PIRES (docente)', 'BRAZ (externo)']"
140,A Long Term Evaluation of Photovoltaic Systems under Power Quality Problems,2020,"['FERNANDA MOURA QUINTAO SILVA', 'IGOR AMARIZ PIRES', 'THALES ALEXANDRE CARVALHO MAIA']","['FERNANDA MOURA QUINTAO SILVA (discente)', 'IGOR AMARIZ PIRES (docente)', 'THALES ALEXANDRE CARVALHO MAIA (docente)']"
141,In-Wheel Traction Motor: a Case Study for Formula SAE Electric,2020,"['ABRAAO REGIS GUIA', 'RAFAEL ATILA SILVA', 'IGOR AMARIZ PIRES', 'THALES ALEXANDRE CARVALHO MAIA']","['ABRAAO REGIS GUIA (externo)', 'RAFAEL ATILA SILVA (egresso(s/o))', 'IGOR AMARIZ PIRES (docente)', 'THALES ALEXANDRE CARVALHO MAIA (docente)']"
142,The True Unity Power Factor Converter for BOF Charging Cranes,2020,"['PARREIRAS, THIAGO M. ', 'DA S.  ALVES, MARCOS H. ', 'BASTOS, RODRIGO R. ', 'IGOR AMARIZ PIRES', 'FILHO, BRAZ DE J.  C. ']","['PARREIRAS, THIAGO M.  (egresso(s/o))', 'DA S.  ALVES, MARCOS H.  (egresso(s/o))', 'BASTOS, RODRIGO R.  (egresso(s/o))', 'IGOR AMARIZ PIRES (docente)', 'FILHO, BRAZ DE J.  C.  (docente)']"
143,Proposta de uma abordagem multiobjetivo para o projeto de dimensionamento de redes de gás natural,2020,"['LARA TOLEDO CORDEIRO', 'LUCAS DE SOUZA BATISTA']","['LARA TOLEDO CORDEIRO (egresso(s/o))', 'LUCAS DE SOUZA BATISTA (docente)']"
144,Time to Event Analysis for Failure Causes in Electrical Power Distribution Systems,2020,"['S.  S.  FOGLIATTO, MATHEUS', 'DESUO N. , LUIZ', 'R.  M.  RIBEIRO, RAFAEL', 'M.  O.  SANTOS, TALYSSON', 'B.  A.  LONDON JR. , JOAO', 'MICHEL BESSANI', 'D.  MACIEL, CARLOS']","['S.  S.  FOGLIATTO, MATHEUS (externo)', 'DESUO N. , LUIZ (externo)', 'R.  M.  RIBEIRO, RAFAEL (externo)', 'M.  O.  SANTOS, TALYSSON (externo)', 'B.  A.  LONDON JR. , JOAO (externo)', 'MICHEL BESSANI (docente)', 'D.  MACIEL, CARLOS (externo)']"
145,Electric Power Distribution Maintenance Crews Routing for Fault Location: Time to Bite the Road-Network Disruptions Bullet,2020,"['DESUO N. , LUIZ', 'S.  S.  FOGLIATTO, MATHEUS', 'MICHEL BESSANI', 'Z.  FANUCCHI, RODRIGO', 'D.  MACIEL, CARLOS']","['DESUO N. , LUIZ (externo)', 'S.  S.  FOGLIATTO, MATHEUS (externo)', 'MICHEL BESSANI (docente)', 'Z.  FANUCCHI, RODRIGO (externo)', 'D.  MACIEL, CARLOS (externo)']"
146,Análise do Efeito de Incertezas de Tempo Aplicadas ao Problema de Roteamento de Veículos com Janelas de Atendimento,2020,"['PEDRO DE MENDONCA MAIA', 'MICHEL BESSANI']","['PEDRO DE MENDONCA MAIA (discente)', 'MICHEL BESSANI (docente)']"
147,Exploratory Factor Analysis of Distribution Networks Characterization by Metrics of Complex Networks Theory,2020,"['MICHEL BESSANI', 'DIEGO ALVES DA MATA']","['MICHEL BESSANI (docente)', 'DIEGO ALVES DA MATA (externo)']"
148,Restabelecimento de Sistemas de Distribuição - Abordagem Híbrida de Algoritmo Genético e Busca Local,2020,"['DIEGO ALVES DA MATA', 'MICHEL BESSANI']","['DIEGO ALVES DA MATA (externo)', 'MICHEL BESSANI (docente)']"
149,Estudo de Fatores Relativos à Resiliência de Sistemas de Distribuição de Energia,2020,"['SAMUELE MACHADO GROSSI', 'MICHEL BESSANI']","['SAMUELE MACHADO GROSSI (externo)', 'MICHEL BESSANI (docente)']"
150,Análise espacial do mercado imobiliário de Belo Horizonte,2020,"['CELIO GABRIEL FERREIRA SILVA', 'MICHEL BESSANI']","['CELIO GABRIEL FERREIRA SILVA (externo)', 'MICHEL BESSANI (docente)']"
151,Robust quadcopter control with artificial vector fields,2020,"['ADRIANO M.  C.  REZENDE', 'VINICIUS MARIANO GONCALVES', 'ARTHUR HENRIQUE DIAS NUNES', 'LUCIANO CUNHA DE ARAUJO PIMENTA']","['ADRIANO M.  C.  REZENDE (egresso(s/o))', 'VINICIUS MARIANO GONCALVES (docente)', 'ARTHUR HENRIQUE DIAS NUNES (externo)', 'LUCIANO CUNHA DE ARAUJO PIMENTA (docente)']"
152,Discrete Event System Control in Max-Plus Algebra : Application to Manufacturing Systems,2020,"['GABRIEL FREITAS DE OLIVEIRA', 'RENATO MARKELE FERREIRA CANDIDO', 'VINICIUS MARIANO GONCALVES', 'CARLOS ANDREY MAIA', 'BERTRAND COTTENCEAU', 'LAURENT HARDOUIN']","['GABRIEL FREITAS DE OLIVEIRA (externo)', 'RENATO MARKELE FERREIRA CANDIDO (externo)', 'VINICIUS MARIANO GONCALVES (docente)', 'CARLOS ANDREY MAIA (docente)', 'BERTRAND COTTENCEAU (externo)', 'LAURENT HARDOUIN (externo)']"
153,Methodology for the classification of an intraocular lens with an orthogonal bi-dimensional refractive sinusoidal profile,2020,"['DIOGO FERRAZ COSTA', 'DAVIES WILLIAM DE LIMA MONTEIRO']","['DIOGO FERRAZ COSTA (egresso(s/o))', 'DAVIES WILLIAM DE LIMA MONTEIRO (docente)']"
154,Classification and performance estimation of an intraocular lens with an orthogonal bidimensional refractive sinusoidal profile,2020,"['DIOGO FERRAZ COSTA', 'DAVIES WILLIAM DE LIMA MONTEIRO']","['DIOGO FERRAZ COSTA (egresso(s/o))', 'DAVIES WILLIAM DE LIMA MONTEIRO (docente)']"
155,Improved circuitry of integrated bouncing pixel for high dynamic-range optical receivers,2020,"['GUILHERME SAFAR FERREIRA', 'PABLO NUNES AGRA BELMONTE', 'DAVIES WILLIAM DE LIMA MONTEIRO']","['GUILHERME SAFAR FERREIRA (externo)', 'PABLO NUNES AGRA BELMONTE (egresso(s/o))', 'DAVIES WILLIAM DE LIMA MONTEIRO (docente)']"
